Date,Country,AreaCode,Area,TotalCases,Population
30/01/2020,London,,London,0,8961989
31/01/2020,London,,London,0,8961989
01/02/2020,London,,London,0,8961989
02/02/2020,London,,London,0,8961989
03/02/2020,London,,London,0,8961989
04/02/2020,London,,London,0,8961989
05/02/2020,London,,London,0,8961989
06/02/2020,London,,London,0,8961989
07/02/2020,London,,London,0,8961989
08/02/2020,London,,London,0,8961989
09/02/2020,London,,London,0,8961989
10/02/2020,London,,London,0,8961989
11/02/2020,London,,London,1,8961989
12/02/2020,Wales,W11000029,Cardiff,0,366903
12/02/2020,Wales,W11000031,Swansea,0,246993
12/02/2020,Wales,W11000028,Newport,0,154676
12/02/2020,London,,London,1,8961989
13/02/2020,Wales,W11000029,Cardiff,0,366903
13/02/2020,Wales,W11000031,Swansea,0,246993
13/02/2020,Wales,W11000028,Newport,0,154676
13/02/2020,London,,London,2,8961989
14/02/2020,Wales,W11000029,Cardiff,0,366903
14/02/2020,Wales,W11000031,Swansea,0,246993
14/02/2020,Wales,W11000028,Newport,0,154676
14/02/2020,London,,London,2,8961989
15/02/2020,Wales,W11000029,Cardiff,0,366903
15/02/2020,Wales,W11000031,Swansea,0,246993
15/02/2020,Wales,W11000028,Newport,0,154676
15/02/2020,London,,London,2,8961989
16/02/2020,Wales,W11000029,Cardiff,0,366903
16/02/2020,Wales,W11000031,Swansea,0,246993
16/02/2020,Wales,W11000028,Newport,0,154676
16/02/2020,London,,London,2,8961989
17/02/2020,Wales,W11000029,Cardiff,0,366903
17/02/2020,Wales,W11000031,Swansea,0,246993
17/02/2020,Wales,W11000028,Newport,0,154676
17/02/2020,London,,London,3,8961989
18/02/2020,Wales,W11000029,Cardiff,0,366903
18/02/2020,Wales,W11000031,Swansea,0,246993
18/02/2020,Wales,W11000028,Newport,0,154676
18/02/2020,London,,London,3,8961989
19/02/2020,Wales,W11000029,Cardiff,0,366903
19/02/2020,Wales,W11000031,Swansea,0,246993
19/02/2020,Wales,W11000028,Newport,0,154676
19/02/2020,London,,London,4,8961989
20/02/2020,Wales,W11000029,Cardiff,0,366903
20/02/2020,Wales,W11000031,Swansea,0,246993
20/02/2020,Wales,W11000028,Newport,0,154676
20/02/2020,London,,London,4,8961989
21/02/2020,Wales,W11000029,Cardiff,0,366903
21/02/2020,Wales,W11000031,Swansea,0,246993
21/02/2020,Wales,W11000028,Newport,0,154676
21/02/2020,London,,London,4,8961989
22/02/2020,Wales,W11000029,Cardiff,0,366903
22/02/2020,Wales,W11000031,Swansea,0,246993
22/02/2020,Wales,W11000028,Newport,0,154676
22/02/2020,London,,London,4,8961989
23/02/2020,Wales,W11000029,Cardiff,0,366903
23/02/2020,Wales,W11000031,Swansea,0,246993
23/02/2020,Wales,W11000028,Newport,0,154676
23/02/2020,London,,London,6,8961989
24/02/2020,Wales,W11000029,Cardiff,0,366903
24/02/2020,Wales,W11000031,Swansea,0,246993
24/02/2020,Wales,W11000028,Newport,0,154676
24/02/2020,London,,London,6,8961989
25/02/2020,Wales,W11000029,Cardiff,0,366903
25/02/2020,Wales,W11000031,Swansea,0,246993
25/02/2020,Wales,W11000028,Newport,0,154676
25/02/2020,London,,London,8,8961989
26/02/2020,Wales,W11000029,Cardiff,0,366903
26/02/2020,Wales,W11000031,Swansea,0,246993
26/02/2020,Wales,W11000028,Newport,0,154676
26/02/2020,London,,London,8,8961989
27/02/2020,Wales,W11000029,Cardiff,0,366903
27/02/2020,Wales,W11000031,Swansea,1,246993
27/02/2020,Wales,W11000028,Newport,0,154676
27/02/2020,London,,London,9,8961989
28/02/2020,England,E08000035,Leeds,1,793139
28/02/2020,Wales,W11000029,Cardiff,0,366903
28/02/2020,Wales,W11000031,Swansea,1,246993
28/02/2020,Wales,W11000028,Newport,0,154676
28/02/2020,London,,London,14,8961989
29/02/2020,England,E08000019,Sheffield,1,584853
29/02/2020,Wales,W11000029,Cardiff,0,366903
29/02/2020,Wales,W11000031,Swansea,1,246993
29/02/2020,Wales,W11000028,Newport,0,154676
29/02/2020,London,,London,15,8961989
01/03/2020,England,E08000025,Birmingham,1,1141816
01/03/2020,England,E08000035,Leeds,2,793139
01/03/2020,England,E08000019,Sheffield,2,584853
01/03/2020,Wales,W11000029,Cardiff,0,366903
01/03/2020,Wales,W11000031,Swansea,1,246993
01/03/2020,Wales,W11000028,Newport,0,154676
01/03/2020,London,,London,23,8961989
02/03/2020,England,E08000025,Birmingham,2,1141816
02/03/2020,England,E08000012,Liverpool,1,498042
02/03/2020,Wales,W11000029,Cardiff,0,366903
02/03/2020,Wales,W11000031,Swansea,1,246993
02/03/2020,Wales,W11000028,Newport,0,154676
02/03/2020,London,,London,35,8961989
03/03/2020,England,E06000023,Bristol,1,463377
03/03/2020,England,E08000012,Liverpool,3,498042
03/03/2020,England,E08000003,Manchester,1,552858
03/03/2020,England,E08000019,Sheffield,3,584853
03/03/2020,Wales,W11000029,Cardiff,0,366903
03/03/2020,Wales,W11000031,Swansea,1,246993
03/03/2020,Wales,W11000028,Newport,0,154676
03/03/2020,London,,London,41,8961989
04/03/2020,England,E08000035,Leeds,3,793139
04/03/2020,England,E06000032,Luton,2,213052
04/03/2020,England,E08000003,Manchester,2,552858
04/03/2020,England,E08000019,Sheffield,4,584853
04/03/2020,England,E06000033,Southend-on-Sea,1,183125
04/03/2020,Wales,W11000029,Cardiff,1,366903
04/03/2020,Wales,W11000031,Swansea,1,246993
04/03/2020,Wales,W11000028,Newport,0,154676
04/03/2020,London,,London,59,8961989
05/03/2020,England,E08000025,Birmingham,3,1141816
05/03/2020,England,E08000026,Coventry,1,371521
05/03/2020,England,E08000003,Manchester,4,552858
05/03/2020,England,E08000019,Sheffield,6,584853
05/03/2020,Wales,W11000029,Cardiff,1,366903
05/03/2020,Wales,W11000031,Swansea,1,246993
05/03/2020,Wales,W11000028,Newport,0,154676
05/03/2020,London,,London,73,8961989
06/03/2020,England,E06000023,Bristol,2,463377
06/03/2020,England,E08000026,Coventry,2,371521
06/03/2020,England,E08000012,Liverpool,4,498042
06/03/2020,Wales,W11000029,Cardiff,1,366903
06/03/2020,Wales,W11000031,Swansea,1,246993
06/03/2020,Wales,W11000028,Newport,0,154676
06/03/2020,London,,London,96,8961989
07/03/2020,England,E06000023,Bristol,3,463377
07/03/2020,England,E08000035,Leeds,5,793139
07/03/2020,England,E08000012,Liverpool,5,498042
07/03/2020,England,E08000019,Sheffield,9,584853
07/03/2020,Scotland,S08000031,Glasgow,NaN,633120
07/03/2020,Scotland,S08000024,Edinburgh,NaN,524930
07/03/2020,Wales,W11000029,Cardiff,1,366903
07/03/2020,Wales,W11000031,Swansea,2,246993
07/03/2020,Wales,W11000028,Newport,0,154676
07/03/2020,London,,London,110,8961989
08/03/2020,England,E08000025,Birmingham,4,1141816
08/03/2020,England,E08000026,Coventry,3,371521
08/03/2020,England,E06000038,Reading,1,161780
08/03/2020,England,E08000019,Sheffield,12,584853
08/03/2020,Scotland,S08000031,Glasgow,NaN,633120
08/03/2020,Scotland,S08000024,Edinburgh,NaN,524930
08/03/2020,Wales,W11000029,Cardiff,1,366903
08/03/2020,Wales,W11000031,Swansea,2,246993
08/03/2020,Wales,W11000028,Newport,0,154676
08/03/2020,London,,London,132,8961989
09/03/2020,England,E08000025,Birmingham,5,1141816
09/03/2020,England,E08000035,Leeds,8,793139
09/03/2020,England,E08000003,Manchester,6,552858
09/03/2020,England,E06000033,Southend-on-Sea,2,183125
09/03/2020,Scotland,S08000031,Glasgow,NaN,633120
09/03/2020,Scotland,S08000024,Edinburgh,5,524930
09/03/2020,Wales,W11000029,Cardiff,2,366903
09/03/2020,Wales,W11000031,Swansea,2,246993
09/03/2020,Wales,W11000028,Newport,0,154676
09/03/2020,London,,London,186,8961989
10/03/2020,England,E08000025,Birmingham,9,1141816
10/03/2020,England,E06000023,Bristol,4,463377
10/03/2020,England,E08000012,Liverpool,6,498042
10/03/2020,England,E08000003,Manchester,7,552858
10/03/2020,England,E06000038,Reading,2,161780
10/03/2020,England,E08000019,Sheffield,18,584853
10/03/2020,Scotland,S08000031,Glasgow,NaN,633120
10/03/2020,Scotland,S08000024,Edinburgh,7,524930
10/03/2020,Wales,W11000029,Cardiff,2,366903
10/03/2020,Wales,W11000031,Swansea,9,246993
10/03/2020,England,E06000026,Plymouth,1,262100
10/03/2020,Wales,W11000028,Newport,1,154676
10/03/2020,London,,London,277,8961989
11/03/2020,England,E08000025,Birmingham,15,1141816
11/03/2020,England,E08000026,Coventry,5,371521
11/03/2020,England,E08000035,Leeds,11,793139
11/03/2020,England,E06000016,Leicester,1,354224
11/03/2020,England,E08000003,Manchester,8,552858
11/03/2020,Scotland,S08000031,Glasgow,5,633120
11/03/2020,Scotland,S08000024,Edinburgh,8,524930
11/03/2020,Wales,W11000029,Cardiff,3,366903
11/03/2020,Wales,W11000031,Swansea,13,246993
11/03/2020,Wales,W11000028,Newport,6,154676
11/03/2020,London,,London,460,8961989
12/03/2020,England,E08000025,Birmingham,22,1141816
12/03/2020,England,E06000023,Bristol,5,463377
12/03/2020,England,E08000026,Coventry,7,371521
12/03/2020,England,E08000035,Leeds,12,793139
12/03/2020,England,E06000016,Leicester,2,354224
12/03/2020,England,E08000012,Liverpool,9,498042
12/03/2020,England,E06000038,Reading,3,161780
12/03/2020,England,E08000019,Sheffield,20,584853
12/03/2020,England,E06000033,Southend-on-Sea,3,183125
12/03/2020,Scotland,S08000031,Glasgow,10,633120
12/03/2020,Scotland,S08000024,Edinburgh,11,524930
12/03/2020,Wales,W11000029,Cardiff,4,366903
12/03/2020,Wales,W11000031,Swansea,24,246993
12/03/2020,Wales,W11000028,Newport,13,154676
12/03/2020,London,,London,625,8961989
13/03/2020,England,E08000025,Birmingham,36,1141816
13/03/2020,England,E06000023,Bristol,8,463377
13/03/2020,England,E06000016,Leicester,3,354224
13/03/2020,England,E08000012,Liverpool,11,498042
13/03/2020,England,E06000032,Luton,3,213052
13/03/2020,England,E08000003,Manchester,15,552858
13/03/2020,England,E08000019,Sheffield,24,584853
13/03/2020,Scotland,S08000031,Glasgow,20,633120
13/03/2020,Scotland,S08000024,Edinburgh,19,524930
13/03/2020,Wales,W11000029,Cardiff,4,366903
13/03/2020,Wales,W11000031,Swansea,28,246993
13/03/2020,England,E06000026,Plymouth,3,262100
13/03/2020,Wales,W11000028,Newport,25,154676
13/03/2020,London,,London,761,8961989
14/03/2020,England,E08000025,Birmingham,43,1141816
14/03/2020,England,E06000023,Bristol,10,463377
14/03/2020,England,E08000012,Liverpool,13,498042
14/03/2020,England,E06000038,Reading,6,161780
14/03/2020,England,E08000019,Sheffield,30,584853
14/03/2020,England,E06000033,Southend-on-Sea,4,183125
14/03/2020,Scotland,S08000031,Glasgow,31,633120
14/03/2020,Scotland,S08000024,Edinburgh,25,524930
14/03/2020,Wales,W11000029,Cardiff,9,366903
14/03/2020,Wales,W11000031,Swansea,28,246993
14/03/2020,Wales,W11000028,Newport,37,154676
14/03/2020,London,,London,909,8961989
15/03/2020,England,E08000025,Birmingham,55,1141816
15/03/2020,England,E06000023,Bristol,11,463377
15/03/2020,England,E08000035,Leeds,14,793139
15/03/2020,England,E08000003,Manchester,18,552858
15/03/2020,England,E06000038,Reading,8,161780
15/03/2020,England,E08000019,Sheffield,36,584853
15/03/2020,Scotland,S08000031,Glasgow,39,633120
15/03/2020,Scotland,S08000024,Edinburgh,28,524930
15/03/2020,Wales,W11000029,Cardiff,15,366903
15/03/2020,Wales,W11000031,Swansea,30,246993
15/03/2020,England,E06000026,Plymouth,6,262100
15/03/2020,Wales,W11000028,Newport,59,154676
15/03/2020,London,,London,1074,8961989
16/03/2020,England,E08000025,Birmingham,70,1141816
16/03/2020,England,E08000026,Coventry,13,371521
16/03/2020,England,E08000035,Leeds,15,793139
16/03/2020,England,E06000016,Leicester,5,354224
16/03/2020,England,E08000012,Liverpool,16,498042
16/03/2020,England,E08000003,Manchester,24,552858
16/03/2020,England,E06000038,Reading,9,161780
16/03/2020,England,E08000019,Sheffield,50,584853
16/03/2020,England,E06000033,Southend-on-Sea,6,183125
16/03/2020,Scotland,S08000031,Glasgow,44,633120
16/03/2020,Scotland,S08000024,Edinburgh,29,524930
16/03/2020,Wales,W11000029,Cardiff,19,366903
16/03/2020,Wales,W11000031,Swansea,32,246993
16/03/2020,England,E06000026,Plymouth,7,262100
16/03/2020,Wales,W11000028,Newport,82,154676
16/03/2020,London,,London,1308,8961989
17/03/2020,England,E08000025,Birmingham,94,1141816
17/03/2020,England,E06000023,Bristol,15,463377
17/03/2020,England,E08000026,Coventry,17,371521
17/03/2020,England,E08000035,Leeds,18,793139
17/03/2020,England,E06000016,Leicester,8,354224
17/03/2020,England,E08000012,Liverpool,20,498042
17/03/2020,England,E06000032,Luton,8,213052
17/03/2020,England,E08000003,Manchester,28,552858
17/03/2020,England,E06000038,Reading,11,161780
17/03/2020,England,E08000019,Sheffield,63,584853
17/03/2020,England,E06000033,Southend-on-Sea,8,183125
17/03/2020,Scotland,S08000031,Glasgow,49,633120
17/03/2020,Scotland,S08000024,Edinburgh,30,524930
17/03/2020,Wales,W11000029,Cardiff,30,366903
17/03/2020,Wales,W11000031,Swansea,34,246993
17/03/2020,Wales,W11000028,Newport,106,154676
17/03/2020,London,,London,1618,8961989
18/03/2020,England,E08000025,Birmingham,126,1141816
18/03/2020,England,E06000023,Bristol,22,463377
18/03/2020,England,E08000026,Coventry,21,371521
18/03/2020,England,E08000035,Leeds,22,793139
18/03/2020,England,E06000016,Leicester,13,354224
18/03/2020,England,E08000012,Liverpool,29,498042
18/03/2020,England,E06000032,Luton,14,213052
18/03/2020,England,E08000003,Manchester,31,552858
18/03/2020,England,E06000038,Reading,15,161780
18/03/2020,England,E08000019,Sheffield,81,584853
18/03/2020,Scotland,S08000031,Glasgow,57,633120
18/03/2020,Scotland,S08000024,Edinburgh,33,524930
18/03/2020,Wales,W11000029,Cardiff,39,366903
18/03/2020,Wales,W11000031,Swansea,37,246993
18/03/2020,England,E06000026,Plymouth,10,262100
18/03/2020,Wales,W11000028,Newport,125,154676
18/03/2020,London,,London,1974,8961989
19/03/2020,England,E08000025,Birmingham,161,1141816
19/03/2020,England,E06000023,Bristol,24,463377
19/03/2020,England,E08000026,Coventry,26,371521
19/03/2020,England,E08000035,Leeds,28,793139
19/03/2020,England,E06000016,Leicester,19,354224
19/03/2020,England,E08000012,Liverpool,35,498042
19/03/2020,England,E06000032,Luton,18,213052
19/03/2020,England,E08000003,Manchester,35,552858
19/03/2020,England,E06000038,Reading,16,161780
19/03/2020,England,E08000019,Sheffield,107,584853
19/03/2020,Scotland,S08000031,Glasgow,71,633120
19/03/2020,Scotland,S08000024,Edinburgh,35,524930
19/03/2020,Wales,W11000029,Cardiff,56,366903
19/03/2020,Wales,W11000031,Swansea,42,246993
19/03/2020,England,E06000026,Plymouth,12,262100
19/03/2020,Wales,W11000028,Newport,158,154676
19/03/2020,London,,London,2307,8961989
20/03/2020,England,E08000025,Birmingham,213,1141816
20/03/2020,England,E06000023,Bristol,28,463377
20/03/2020,England,E08000026,Coventry,27,371521
20/03/2020,England,E08000035,Leeds,35,793139
20/03/2020,England,E06000016,Leicester,21,354224
20/03/2020,England,E08000012,Liverpool,45,498042
20/03/2020,England,E06000032,Luton,27,213052
20/03/2020,England,E08000003,Manchester,39,552858
20/03/2020,England,E08000019,Sheffield,132,584853
20/03/2020,Scotland,S08000031,Glasgow,91,633120
20/03/2020,Scotland,S08000024,Edinburgh,40,524930
20/03/2020,Wales,W11000029,Cardiff,68,366903
20/03/2020,Wales,W11000031,Swansea,48,246993
20/03/2020,England,E06000026,Plymouth,14,262100
20/03/2020,Wales,W11000028,Newport,197,154676
20/03/2020,London,,London,2733,8961989
21/03/2020,England,E08000025,Birmingham,243,1141816
21/03/2020,England,E06000023,Bristol,36,463377
21/03/2020,England,E08000026,Coventry,36,371521
21/03/2020,England,E08000035,Leeds,41,793139
21/03/2020,England,E06000016,Leicester,26,354224
21/03/2020,England,E08000012,Liverpool,59,498042
21/03/2020,England,E06000032,Luton,30,213052
21/03/2020,England,E08000003,Manchester,42,552858
21/03/2020,England,E06000038,Reading,19,161780
21/03/2020,England,E08000019,Sheffield,169,584853
21/03/2020,England,E06000033,Southend-on-Sea,9,183125
21/03/2020,Scotland,S08000031,Glasgow,110,633120
21/03/2020,Scotland,S08000024,Edinburgh,44,524930
21/03/2020,Wales,W11000029,Cardiff,86,366903
21/03/2020,Wales,W11000031,Swansea,53,246993
21/03/2020,England,E06000026,Plymouth,16,262100
21/03/2020,Wales,W11000028,Newport,231,154676
21/03/2020,London,,London,3083,8961989
22/03/2020,England,E08000025,Birmingham,269,1141816
22/03/2020,England,E06000023,Bristol,41,463377
22/03/2020,England,E08000026,Coventry,42,371521
22/03/2020,England,E08000035,Leeds,52,793139
22/03/2020,England,E06000016,Leicester,33,354224
22/03/2020,England,E08000012,Liverpool,72,498042
22/03/2020,England,E06000032,Luton,35,213052
22/03/2020,England,E08000003,Manchester,46,552858
22/03/2020,England,E06000038,Reading,22,161780
22/03/2020,England,E08000019,Sheffield,212,584853
22/03/2020,England,E06000033,Southend-on-Sea,13,183125
22/03/2020,Scotland,S08000031,Glasgow,130,633120
22/03/2020,Scotland,S08000024,Edinburgh,46,524930
22/03/2020,Wales,W11000029,Cardiff,98,366903
22/03/2020,Wales,W11000031,Swansea,61,246993
22/03/2020,Wales,W11000028,Newport,269,154676
22/03/2020,London,,London,3519,8961989
23/03/2020,England,E08000025,Birmingham,334,1141816
23/03/2020,England,E06000023,Bristol,50,463377
23/03/2020,England,E08000026,Coventry,53,371521
23/03/2020,England,E08000035,Leeds,69,793139
23/03/2020,England,E06000016,Leicester,44,354224
23/03/2020,England,E08000012,Liverpool,90,498042
23/03/2020,England,E06000032,Luton,42,213052
23/03/2020,England,E08000003,Manchester,58,552858
23/03/2020,England,E06000038,Reading,26,161780
23/03/2020,England,E08000019,Sheffield,273,584853
23/03/2020,England,E06000033,Southend-on-Sea,19,183125
23/03/2020,Scotland,S08000031,Glasgow,152,633120
23/03/2020,Scotland,S08000024,Edinburgh,59,524930
23/03/2020,Wales,W11000029,Cardiff,128,366903
23/03/2020,Wales,W11000031,Swansea,71,246993
23/03/2020,England,E06000026,Plymouth,19,262100
23/03/2020,Wales,W11000028,Newport,330,154676
23/03/2020,London,,London,4206,8961989
24/03/2020,England,E08000025,Birmingham,401,1141816
24/03/2020,England,E06000023,Bristol,54,463377
24/03/2020,England,E08000026,Coventry,72,371521
24/03/2020,England,E08000035,Leeds,87,793139
24/03/2020,England,E06000016,Leicester,64,354224
24/03/2020,England,E08000012,Liverpool,115,498042
24/03/2020,England,E06000032,Luton,57,213052
24/03/2020,England,E08000003,Manchester,67,552858
24/03/2020,England,E06000038,Reading,28,161780
24/03/2020,England,E08000019,Sheffield,332,584853
24/03/2020,England,E06000033,Southend-on-Sea,25,183125
24/03/2020,Scotland,S08000031,Glasgow,183,633120
24/03/2020,Scotland,S08000024,Edinburgh,70,524930
24/03/2020,Wales,W11000029,Cardiff,164,366903
24/03/2020,Wales,W11000031,Swansea,85,246993
24/03/2020,England,E06000026,Plymouth,26,262100
24/03/2020,Wales,W11000028,Newport,375,154676
24/03/2020,London,,London,4842,8961989
25/03/2020,England,E08000025,Birmingham,462,1141816
25/03/2020,England,E06000023,Bristol,66,463377
25/03/2020,England,E08000026,Coventry,88,371521
25/03/2020,England,E08000035,Leeds,98,793139
25/03/2020,England,E06000016,Leicester,69,354224
25/03/2020,England,E08000012,Liverpool,139,498042
25/03/2020,England,E06000032,Luton,68,213052
25/03/2020,England,E08000003,Manchester,81,552858
25/03/2020,England,E06000038,Reading,36,161780
25/03/2020,England,E08000019,Sheffield,380,584853
25/03/2020,England,E06000033,Southend-on-Sea,27,183125
25/03/2020,Scotland,S08000031,Glasgow,221,633120
25/03/2020,Scotland,S08000024,Edinburgh,88,524930
25/03/2020,Wales,W11000029,Cardiff,203,366903
25/03/2020,Wales,W11000031,Swansea,96,246993
25/03/2020,England,E06000026,Plymouth,29,262100
25/03/2020,Wales,W11000028,Newport,454,154676
25/03/2020,London,,London,5597,8961989
26/03/2020,England,E08000025,Birmingham,554,1141816
26/03/2020,England,E06000023,Bristol,80,463377
26/03/2020,England,E08000026,Coventry,107,371521
26/03/2020,England,E08000035,Leeds,119,793139
26/03/2020,England,E06000016,Leicester,82,354224
26/03/2020,England,E08000012,Liverpool,173,498042
26/03/2020,England,E06000032,Luton,77,213052
26/03/2020,England,E08000003,Manchester,103,552858
26/03/2020,England,E06000038,Reading,43,161780
26/03/2020,England,E08000019,Sheffield,427,584853
26/03/2020,England,E06000033,Southend-on-Sea,35,183125
26/03/2020,Northern Ireland,N09000003,Belfast,75,340220
26/03/2020,Scotland,S08000031,Glasgow,258,633120
26/03/2020,Scotland,S08000024,Edinburgh,111,524930
26/03/2020,Wales,W11000029,Cardiff,255,366903
26/03/2020,Wales,W11000031,Swansea,111,246993
26/03/2020,England,E06000026,Plymouth,38,262100
26/03/2020,Wales,W11000028,Newport,507,154676
26/03/2020,London,,London,6361,8961989
27/03/2020,England,E08000025,Birmingham,624,1141816
27/03/2020,England,E06000023,Bristol,94,463377
27/03/2020,England,E08000026,Coventry,120,371521
27/03/2020,England,E08000035,Leeds,140,793139
27/03/2020,England,E06000016,Leicester,90,354224
27/03/2020,England,E08000012,Liverpool,200,498042
27/03/2020,England,E06000032,Luton,89,213052
27/03/2020,England,E08000003,Manchester,117,552858
27/03/2020,England,E06000038,Reading,46,161780
27/03/2020,England,E08000019,Sheffield,454,584853
27/03/2020,England,E06000033,Southend-on-Sea,42,183125
27/03/2020,Northern Ireland,N09000003,Belfast,86,340220
27/03/2020,Scotland,S08000031,Glasgow,299,633120
27/03/2020,Scotland,S08000024,Edinburgh,139,524930
27/03/2020,Wales,W11000029,Cardiff,297,366903
27/03/2020,Wales,W11000031,Swansea,141,246993
27/03/2020,England,E06000026,Plymouth,41,262100
27/03/2020,Wales,W11000028,Newport,554,154676
27/03/2020,London,,London,7180,8961989
28/03/2020,England,E08000025,Birmingham,704,1141816
28/03/2020,England,E06000023,Bristol,104,463377
28/03/2020,England,E08000026,Coventry,138,371521
28/03/2020,England,E08000035,Leeds,166,793139
28/03/2020,England,E06000016,Leicester,101,354224
28/03/2020,England,E08000012,Liverpool,227,498042
28/03/2020,England,E06000032,Luton,99,213052
28/03/2020,England,E08000003,Manchester,148,552858
28/03/2020,England,E06000038,Reading,56,161780
28/03/2020,England,E08000019,Sheffield,519,584853
28/03/2020,England,E06000033,Southend-on-Sea,48,183125
28/03/2020,Scotland,S08000031,Glasgow,376,633120
28/03/2020,Scotland,S08000024,Edinburgh,151,524930
28/03/2020,Wales,W11000029,Cardiff,354,366903
28/03/2020,Wales,W11000031,Swansea,155,246993
28/03/2020,England,E06000026,Plymouth,44,262100
28/03/2020,Wales,W11000028,Newport,607,154676
28/03/2020,London,,London,7757,8961989
29/03/2020,England,E08000025,Birmingham,811,1141816
29/03/2020,England,E06000023,Bristol,116,463377
29/03/2020,England,E08000026,Coventry,155,371521
29/03/2020,England,E08000035,Leeds,187,793139
29/03/2020,England,E06000016,Leicester,102,354224
29/03/2020,England,E08000012,Liverpool,263,498042
29/03/2020,England,E06000032,Luton,109,213052
29/03/2020,England,E08000003,Manchester,171,552858
29/03/2020,England,E06000038,Reading,67,161780
29/03/2020,England,E08000019,Sheffield,581,584853
29/03/2020,England,E06000033,Southend-on-Sea,59,183125
29/03/2020,Scotland,S08000031,Glasgow,401,633120
29/03/2020,Scotland,S08000024,Edinburgh,188,524930
29/03/2020,Wales,W11000029,Cardiff,394,366903
29/03/2020,Wales,W11000031,Swansea,173,246993
29/03/2020,England,E06000026,Plymouth,49,262100
29/03/2020,Wales,W11000028,Newport,661,154676
29/03/2020,London,,London,8350,8961989
30/03/2020,England,E08000025,Birmingham,934,1141816
30/03/2020,England,E06000023,Bristol,133,463377
30/03/2020,England,E08000026,Coventry,178,371521
30/03/2020,England,E08000035,Leeds,214,793139
30/03/2020,England,E06000016,Leicester,107,354224
30/03/2020,England,E08000012,Liverpool,306,498042
30/03/2020,England,E06000032,Luton,125,213052
30/03/2020,England,E08000003,Manchester,195,552858
30/03/2020,England,E06000038,Reading,77,161780
30/03/2020,England,E08000019,Sheffield,656,584853
30/03/2020,England,E06000033,Southend-on-Sea,72,183125
30/03/2020,Northern Ireland,N09000003,Belfast,160,340220
30/03/2020,Scotland,S08000031,Glasgow,449,633120
30/03/2020,Scotland,S08000024,Edinburgh,208,524930
30/03/2020,Wales,W11000029,Cardiff,467,366903
30/03/2020,Wales,W11000031,Swansea,224,246993
30/03/2020,England,E06000026,Plymouth,56,262100
30/03/2020,Wales,W11000028,Newport,761,154676
30/03/2020,London,,London,9194,8961989
31/03/2020,England,E08000025,Birmingham,1065,1141816
31/03/2020,England,E06000023,Bristol,151,463377
31/03/2020,England,E08000026,Coventry,207,371521
31/03/2020,England,E08000035,Leeds,238,793139
31/03/2020,England,E06000016,Leicester,134,354224
31/03/2020,England,E08000012,Liverpool,347,498042
31/03/2020,England,E06000032,Luton,151,213052
31/03/2020,England,E08000003,Manchester,228,552858
31/03/2020,England,E06000038,Reading,82,161780
31/03/2020,England,E08000019,Sheffield,766,584853
31/03/2020,England,E06000033,Southend-on-Sea,87,183125
31/03/2020,Northern Ireland,N09000003,Belfast,166,340220
31/03/2020,Scotland,S08000031,Glasgow,547,633120
31/03/2020,Scotland,S08000024,Edinburgh,269,524930
31/03/2020,Wales,W11000029,Cardiff,540,366903
31/03/2020,Wales,W11000031,Swansea,255,246993
31/03/2020,England,E06000026,Plymouth,58,262100
31/03/2020,Wales,W11000028,Newport,834,154676
31/03/2020,London,,London,10108,8961989
01/04/2020,England,E08000025,Birmingham,1173,1141816
01/04/2020,England,E06000023,Bristol,168,463377
01/04/2020,England,E08000026,Coventry,234,371521
01/04/2020,England,E08000035,Leeds,269,793139
01/04/2020,England,E06000016,Leicester,167,354224
01/04/2020,England,E08000012,Liverpool,395,498042
01/04/2020,England,E06000032,Luton,168,213052
01/04/2020,England,E08000003,Manchester,257,552858
01/04/2020,England,E06000038,Reading,96,161780
01/04/2020,England,E08000019,Sheffield,829,584853
01/04/2020,England,E06000033,Southend-on-Sea,103,183125
01/04/2020,Northern Ireland,N09000003,Belfast,200,340220
01/04/2020,Scotland,S08000031,Glasgow,632,633120
01/04/2020,Scotland,S08000024,Edinburgh,311,524930
01/04/2020,Wales,W11000029,Cardiff,630,366903
01/04/2020,Wales,W11000031,Swansea,288,246993
01/04/2020,England,E06000026,Plymouth,66,262100
01/04/2020,Wales,W11000028,Newport,918,154676
01/04/2020,London,,London,11071,8961989
02/04/2020,England,E08000025,Birmingham,1275,1141816
02/04/2020,England,E06000023,Bristol,183,463377
02/04/2020,England,E08000026,Coventry,254,371521
02/04/2020,England,E08000035,Leeds,299,793139
02/04/2020,England,E06000016,Leicester,191,354224
02/04/2020,England,E08000012,Liverpool,451,498042
02/04/2020,England,E06000032,Luton,191,213052
02/04/2020,England,E08000003,Manchester,291,552858
02/04/2020,England,E06000038,Reading,106,161780
02/04/2020,England,E08000019,Sheffield,882,584853
02/04/2020,England,E06000033,Southend-on-Sea,117,183125
02/04/2020,Northern Ireland,N09000003,Belfast,226,340220
02/04/2020,Scotland,S08000031,Glasgow,682,633120
02/04/2020,Scotland,S08000024,Edinburgh,356,524930
02/04/2020,Wales,W11000029,Cardiff,733,366903
02/04/2020,Wales,W11000031,Swansea,328,246993
02/04/2020,England,E06000026,Plymouth,78,262100
02/04/2020,Wales,W11000028,Newport,998,154676
02/04/2020,London,,London,12094,8961989
03/04/2020,England,E08000025,Birmingham,1356,1141816
03/04/2020,England,E06000023,Bristol,203,463377
03/04/2020,England,E08000026,Coventry,277,371521
03/04/2020,England,E08000035,Leeds,336,793139
03/04/2020,England,E06000016,Leicester,217,354224
03/04/2020,England,E08000012,Liverpool,511,498042
03/04/2020,England,E06000032,Luton,209,213052
03/04/2020,England,E08000003,Manchester,321,552858
03/04/2020,England,E06000038,Reading,115,161780
03/04/2020,England,E08000019,Sheffield,925,584853
03/04/2020,England,E06000033,Southend-on-Sea,135,183125
03/04/2020,Northern Ireland,N09000003,Belfast,272,340220
03/04/2020,Scotland,S08000031,Glasgow,779,633120
03/04/2020,Scotland,S08000024,Edinburgh,408,524930
03/04/2020,Wales,W11000029,Cardiff,810,366903
03/04/2020,Wales,W11000031,Swansea,388,246993
03/04/2020,England,E06000026,Plymouth,92,262100
03/04/2020,Wales,W11000028,Newport,1065,154676
03/04/2020,London,,London,13029,8961989
04/04/2020,England,E08000025,Birmingham,1438,1141816
04/04/2020,England,E06000023,Bristol,213,463377
04/04/2020,England,E08000026,Coventry,295,371521
04/04/2020,England,E08000035,Leeds,353,793139
04/04/2020,England,E06000016,Leicester,232,354224
04/04/2020,England,E08000012,Liverpool,558,498042
04/04/2020,England,E06000032,Luton,223,213052
04/04/2020,England,E08000003,Manchester,361,552858
04/04/2020,England,E06000038,Reading,129,161780
04/04/2020,England,E08000019,Sheffield,967,584853
04/04/2020,England,E06000033,Southend-on-Sea,150,183125
04/04/2020,Scotland,S08000031,Glasgow,851,633120
04/04/2020,Scotland,S08000024,Edinburgh,476,524930
04/04/2020,Wales,W11000029,Cardiff,872,366903
04/04/2020,Wales,W11000031,Swansea,443,246993
04/04/2020,England,E06000026,Plymouth,102,262100
04/04/2020,Wales,W11000028,Newport,1133,154676
04/04/2020,London,,London,13746,8961989
05/04/2020,England,E08000025,Birmingham,1508,1141816
05/04/2020,England,E06000023,Bristol,227,463377
05/04/2020,England,E08000026,Coventry,305,371521
05/04/2020,England,E08000035,Leeds,389,793139
05/04/2020,England,E06000016,Leicester,252,354224
05/04/2020,England,E08000012,Liverpool,604,498042
05/04/2020,England,E06000032,Luton,250,213052
05/04/2020,England,E08000003,Manchester,397,552858
05/04/2020,England,E06000038,Reading,137,161780
05/04/2020,England,E08000019,Sheffield,1033,584853
05/04/2020,England,E06000033,Southend-on-Sea,159,183125
05/04/2020,Scotland,S08000031,Glasgow,931,633120
05/04/2020,Scotland,S08000024,Edinburgh,534,524930
05/04/2020,Wales,W11000029,Cardiff,920,366903
05/04/2020,Wales,W11000031,Swansea,491,246993
05/04/2020,England,E06000026,Plymouth,103,262100
05/04/2020,Wales,W11000028,Newport,1162,154676
05/04/2020,London,,London,14350,8961989
06/04/2020,England,E08000025,Birmingham,1568,1141816
06/04/2020,England,E06000023,Bristol,240,463377
06/04/2020,England,E08000026,Coventry,330,371521
06/04/2020,England,E08000035,Leeds,438,793139
06/04/2020,England,E06000016,Leicester,278,354224
06/04/2020,England,E08000012,Liverpool,656,498042
06/04/2020,England,E06000032,Luton,278,213052
06/04/2020,England,E08000003,Manchester,470,552858
06/04/2020,England,E06000038,Reading,142,161780
06/04/2020,England,E08000019,Sheffield,1097,584853
06/04/2020,England,E06000033,Southend-on-Sea,178,183125
06/04/2020,Northern Ireland,N09000003,Belfast,377,340220
06/04/2020,Scotland,S08000031,Glasgow,984,633120
06/04/2020,Scotland,S08000024,Edinburgh,577,524930
06/04/2020,Wales,W11000029,Cardiff,1024,366903
06/04/2020,Wales,W11000031,Swansea,545,246993
06/04/2020,England,E06000026,Plymouth,108,262100
06/04/2020,Wales,W11000028,Newport,1248,154676
06/04/2020,London,,London,15187,8961989
07/04/2020,England,E08000025,Birmingham,1642,1141816
07/04/2020,England,E06000023,Bristol,261,463377
07/04/2020,England,E08000026,Coventry,352,371521
07/04/2020,England,E08000035,Leeds,502,793139
07/04/2020,England,E06000016,Leicester,300,354224
07/04/2020,England,E08000012,Liverpool,723,498042
07/04/2020,England,E06000032,Luton,308,213052
07/04/2020,England,E08000003,Manchester,529,552858
07/04/2020,England,E06000038,Reading,155,161780
07/04/2020,England,E08000019,Sheffield,1146,584853
07/04/2020,England,E06000033,Southend-on-Sea,196,183125
07/04/2020,Northern Ireland,N09000003,Belfast,396,340220
07/04/2020,Scotland,S08000031,Glasgow,1094,633120
07/04/2020,Scotland,S08000024,Edinburgh,621,524930
07/04/2020,Wales,W11000029,Cardiff,1121,366903
07/04/2020,Wales,W11000031,Swansea,607,246993
07/04/2020,England,E06000026,Plymouth,116,262100
07/04/2020,Wales,W11000028,Newport,1303,154676
07/04/2020,London,,London,16091,8961989
08/04/2020,England,E08000025,Birmingham,1717,1141816
08/04/2020,England,E06000023,Bristol,289,463377
08/04/2020,England,E08000026,Coventry,362,371521
08/04/2020,England,E08000035,Leeds,546,793139
08/04/2020,England,E06000016,Leicester,320,354224
08/04/2020,England,E08000012,Liverpool,798,498042
08/04/2020,England,E06000032,Luton,343,213052
08/04/2020,England,E08000003,Manchester,582,552858
08/04/2020,England,E06000038,Reading,168,161780
08/04/2020,England,E08000019,Sheffield,1196,584853
08/04/2020,England,E06000033,Southend-on-Sea,201,183125
08/04/2020,Northern Ireland,N09000003,Belfast,429,340220
08/04/2020,Scotland,S08000031,Glasgow,1166,633120
08/04/2020,Scotland,S08000024,Edinburgh,700,524930
08/04/2020,Wales,W11000029,Cardiff,1199,366903
08/04/2020,Wales,W11000031,Swansea,679,246993
08/04/2020,England,E06000026,Plymouth,120,262100
08/04/2020,Wales,W11000028,Newport,1391,154676
08/04/2020,London,,London,16923,8961989
09/04/2020,England,E08000025,Birmingham,1765,1141816
09/04/2020,England,E06000023,Bristol,306,463377
09/04/2020,England,E08000026,Coventry,387,371521
09/04/2020,England,E08000035,Leeds,588,793139
09/04/2020,England,E06000016,Leicester,351,354224
09/04/2020,England,E08000012,Liverpool,864,498042
09/04/2020,England,E06000032,Luton,359,213052
09/04/2020,England,E08000003,Manchester,645,552858
09/04/2020,England,E06000038,Reading,183,161780
09/04/2020,England,E08000019,Sheffield,1249,584853
09/04/2020,England,E06000033,Southend-on-Sea,207,183125
09/04/2020,Northern Ireland,N09000003,Belfast,482,340220
09/04/2020,Scotland,S08000031,Glasgow,1251,633120
09/04/2020,Scotland,S08000024,Edinburgh,747,524930
09/04/2020,Wales,W11000029,Cardiff,1304,366903
09/04/2020,Wales,W11000031,Swansea,741,246993
09/04/2020,England,E06000026,Plymouth,129,262100
09/04/2020,Wales,W11000028,Newport,1455,154676
09/04/2020,London,,London,17693,8961989
10/04/2020,England,E08000025,Birmingham,1824,1141816
10/04/2020,England,E06000023,Bristol,324,463377
10/04/2020,England,E08000026,Coventry,402,371521
10/04/2020,England,E08000035,Leeds,635,793139
10/04/2020,England,E06000016,Leicester,371,354224
10/04/2020,England,E08000012,Liverpool,898,498042
10/04/2020,England,E06000032,Luton,381,213052
10/04/2020,England,E08000003,Manchester,681,552858
10/04/2020,England,E06000038,Reading,197,161780
10/04/2020,England,E08000019,Sheffield,1306,584853
10/04/2020,England,E06000033,Southend-on-Sea,217,183125
10/04/2020,Northern Ireland,N09000003,Belfast,514,340220
10/04/2020,Scotland,S08000031,Glasgow,1314,633120
10/04/2020,Scotland,S08000024,Edinburgh,799,524930
10/04/2020,Wales,W11000029,Cardiff,1368,366903
10/04/2020,Wales,W11000031,Swansea,806,246993
10/04/2020,England,E06000026,Plymouth,142,262100
10/04/2020,Wales,W11000028,Newport,1508,154676
10/04/2020,London,,London,18266,8961989
11/04/2020,England,E08000025,Birmingham,1852,1141816
11/04/2020,England,E06000023,Bristol,350,463377
11/04/2020,England,E08000026,Coventry,417,371521
11/04/2020,England,E08000035,Leeds,670,793139
11/04/2020,England,E06000016,Leicester,388,354224
11/04/2020,England,E08000012,Liverpool,938,498042
11/04/2020,England,E06000032,Luton,396,213052
11/04/2020,England,E08000003,Manchester,723,552858
11/04/2020,England,E06000038,Reading,206,161780
11/04/2020,England,E08000019,Sheffield,1358,584853
11/04/2020,England,E06000033,Southend-on-Sea,221,183125
11/04/2020,Scotland,S08000031,Glasgow,1387,633120
11/04/2020,Scotland,S08000024,Edinburgh,856,524930
11/04/2020,Wales,W11000029,Cardiff,1420,366903
11/04/2020,Wales,W11000031,Swansea,837,246993
11/04/2020,England,E06000026,Plymouth,143,262100
11/04/2020,Wales,W11000028,Newport,1548,154676
11/04/2020,London,,London,18758,8961989
12/04/2020,England,E08000025,Birmingham,1898,1141816
12/04/2020,England,E06000023,Bristol,364,463377
12/04/2020,England,E08000026,Coventry,438,371521
12/04/2020,England,E08000035,Leeds,708,793139
12/04/2020,England,E06000016,Leicester,410,354224
12/04/2020,England,E08000012,Liverpool,973,498042
12/04/2020,England,E06000032,Luton,419,213052
12/04/2020,England,E08000003,Manchester,760,552858
12/04/2020,England,E06000038,Reading,231,161780
12/04/2020,England,E08000019,Sheffield,1392,584853
12/04/2020,England,E06000033,Southend-on-Sea,229,183125
12/04/2020,Scotland,S08000031,Glasgow,1449,633120
12/04/2020,Scotland,S08000024,Edinburgh,915,524930
12/04/2020,Wales,W11000029,Cardiff,1476,366903
12/04/2020,Wales,W11000031,Swansea,895,246993
12/04/2020,England,E06000026,Plymouth,150,262100
12/04/2020,Wales,W11000028,Newport,1573,154676
12/04/2020,London,,London,19172,8961989
13/04/2020,England,E08000025,Birmingham,1933,1141816
13/04/2020,England,E06000023,Bristol,380,463377
13/04/2020,England,E08000026,Coventry,456,371521
13/04/2020,England,E08000035,Leeds,736,793139
13/04/2020,England,E06000016,Leicester,419,354224
13/04/2020,England,E08000012,Liverpool,1009,498042
13/04/2020,England,E06000032,Luton,434,213052
13/04/2020,England,E08000003,Manchester,800,552858
13/04/2020,England,E06000038,Reading,258,161780
13/04/2020,England,E08000019,Sheffield,1463,584853
13/04/2020,England,E06000033,Southend-on-Sea,239,183125
13/04/2020,Scotland,S08000031,Glasgow,1486,633120
13/04/2020,Scotland,S08000024,Edinburgh,932,524930
13/04/2020,Wales,W11000029,Cardiff,1534,366903
13/04/2020,Wales,W11000031,Swansea,946,246993
13/04/2020,England,E06000026,Plymouth,162,262100
13/04/2020,Wales,W11000028,Newport,1605,154676
13/04/2020,London,,London,19737,8961989
14/04/2020,England,E08000025,Birmingham,2003,1141816
14/04/2020,England,E06000023,Bristol,397,463377
14/04/2020,England,E08000026,Coventry,468,371521
14/04/2020,England,E08000035,Leeds,772,793139
14/04/2020,England,E06000016,Leicester,432,354224
14/04/2020,England,E08000012,Liverpool,1040,498042
14/04/2020,England,E06000032,Luton,458,213052
14/04/2020,England,E08000003,Manchester,850,552858
14/04/2020,England,E06000038,Reading,294,161780
14/04/2020,England,E08000019,Sheffield,1511,584853
14/04/2020,England,E06000033,Southend-on-Sea,246,183125
14/04/2020,Scotland,S08000031,Glasgow,1575,633120
14/04/2020,Scotland,S08000024,Edinburgh,989,524930
14/04/2020,Wales,W11000029,Cardiff,1612,366903
14/04/2020,Wales,W11000031,Swansea,988,246993
14/04/2020,England,E06000026,Plymouth,178,262100
14/04/2020,Wales,W11000028,Newport,1652,154676
14/04/2020,London,,London,20293,8961989
15/04/2020,England,E08000025,Birmingham,2070,1141816
15/04/2020,England,E06000023,Bristol,419,463377
15/04/2020,England,E08000026,Coventry,490,371521
15/04/2020,England,E08000035,Leeds,825,793139
15/04/2020,England,E06000016,Leicester,447,354224
15/04/2020,England,E08000012,Liverpool,1078,498042
15/04/2020,England,E06000032,Luton,466,213052
15/04/2020,England,E08000003,Manchester,880,552858
15/04/2020,England,E06000038,Reading,318,161780
15/04/2020,England,E08000019,Sheffield,1587,584853
15/04/2020,England,E06000033,Southend-on-Sea,252,183125
15/04/2020,Northern Ireland,N09000003,Belfast,649,340220
15/04/2020,Scotland,S08000031,Glasgow,1661,633120
15/04/2020,Scotland,S08000024,Edinburgh,1040,524930
15/04/2020,Wales,W11000029,Cardiff,1676,366903
15/04/2020,Wales,W11000031,Swansea,1060,246993
15/04/2020,England,E06000026,Plymouth,189,262100
15/04/2020,Wales,W11000028,Newport,1701,154676
15/04/2020,London,,London,20847,8961989
16/04/2020,England,E08000025,Birmingham,2140,1141816
16/04/2020,England,E06000023,Bristol,447,463377
16/04/2020,England,E08000026,Coventry,506,371521
16/04/2020,England,E08000035,Leeds,875,793139
16/04/2020,England,E06000016,Leicester,457,354224
16/04/2020,England,E08000012,Liverpool,1122,498042
16/04/2020,England,E06000032,Luton,470,213052
16/04/2020,England,E08000003,Manchester,895,552858
16/04/2020,England,E06000038,Reading,346,161780
16/04/2020,England,E08000019,Sheffield,1634,584853
16/04/2020,England,E06000033,Southend-on-Sea,255,183125
16/04/2020,Northern Ireland,N09000003,Belfast,689,340220
16/04/2020,Scotland,S08000031,Glasgow,1742,633120
16/04/2020,Scotland,S08000024,Edinburgh,1107,524930
16/04/2020,Wales,W11000029,Cardiff,1738,366903
16/04/2020,Wales,W11000031,Swansea,1128,246993
16/04/2020,England,E06000026,Plymouth,193,262100
16/04/2020,Wales,W11000028,Newport,1763,154676
16/04/2020,London,,London,21337,8961989
17/04/2020,England,E08000025,Birmingham,2220,1141816
17/04/2020,England,E06000023,Bristol,461,463377
17/04/2020,England,E08000026,Coventry,526,371521
17/04/2020,England,E08000035,Leeds,925,793139
17/04/2020,England,E06000016,Leicester,468,354224
17/04/2020,England,E08000012,Liverpool,1156,498042
17/04/2020,England,E06000032,Luton,494,213052
17/04/2020,England,E08000003,Manchester,910,552858
17/04/2020,England,E06000038,Reading,365,161780
17/04/2020,England,E08000019,Sheffield,1672,584853
17/04/2020,England,E06000033,Southend-on-Sea,256,183125
17/04/2020,Scotland,S08000031,Glasgow,1794,633120
17/04/2020,Scotland,S08000024,Edinburgh,1172,524930
17/04/2020,Wales,W11000029,Cardiff,1789,366903
17/04/2020,Wales,W11000031,Swansea,1184,246993
17/04/2020,England,E06000026,Plymouth,200,262100
17/04/2020,Wales,W11000028,Newport,1805,154676
17/04/2020,London,,London,21761,8961989
18/04/2020,England,E08000025,Birmingham,2277,1141816
18/04/2020,England,E06000023,Bristol,474,463377
18/04/2020,England,E08000026,Coventry,538,371521
18/04/2020,England,E08000035,Leeds,958,793139
18/04/2020,England,E06000016,Leicester,483,354224
18/04/2020,England,E08000012,Liverpool,1175,498042
18/04/2020,England,E06000032,Luton,527,213052
18/04/2020,England,E08000003,Manchester,939,552858
18/04/2020,England,E06000038,Reading,370,161780
18/04/2020,England,E08000019,Sheffield,1731,584853
18/04/2020,England,E06000033,Southend-on-Sea,257,183125
18/04/2020,Scotland,S08000031,Glasgow,1905,633120
18/04/2020,Scotland,S08000024,Edinburgh,1239,524930
18/04/2020,Wales,W11000029,Cardiff,1833,366903
18/04/2020,Wales,W11000031,Swansea,1224,246993
18/04/2020,England,E06000026,Plymouth,202,262100
18/04/2020,Wales,W11000028,Newport,1854,154676
18/04/2020,London,,London,22067,8961989
19/04/2020,England,E08000025,Birmingham,2325,1141816
19/04/2020,England,E06000023,Bristol,486,463377
19/04/2020,England,E08000026,Coventry,543,371521
19/04/2020,England,E08000035,Leeds,991,793139
19/04/2020,England,E06000016,Leicester,506,354224
19/04/2020,England,E08000012,Liverpool,1196,498042
19/04/2020,England,E06000032,Luton,528,213052
19/04/2020,England,E08000003,Manchester,958,552858
19/04/2020,England,E06000038,Reading,376,161780
19/04/2020,England,E08000019,Sheffield,1773,584853
19/04/2020,England,E06000033,Southend-on-Sea,262,183125
19/04/2020,Scotland,S08000031,Glasgow,1949,633120
19/04/2020,Scotland,S08000024,Edinburgh,1344,524930
19/04/2020,Wales,W11000029,Cardiff,1877,366903
19/04/2020,Wales,W11000031,Swansea,1261,246993
19/04/2020,England,E06000026,Plymouth,215,262100
19/04/2020,Wales,W11000028,Newport,1867,154676
19/04/2020,London,,London,22313,8961989
20/04/2020,England,E08000025,Birmingham,2373,1141816
20/04/2020,England,E06000023,Bristol,507,463377
20/04/2020,England,E08000026,Coventry,568,371521
20/04/2020,England,E08000035,Leeds,1034,793139
20/04/2020,England,E06000016,Leicester,534,354224
20/04/2020,England,E08000012,Liverpool,1226,498042
20/04/2020,England,E06000032,Luton,537,213052
20/04/2020,England,E08000003,Manchester,989,552858
20/04/2020,England,E06000038,Reading,393,161780
20/04/2020,England,E08000019,Sheffield,1837,584853
20/04/2020,England,E06000033,Southend-on-Sea,269,183125
20/04/2020,Scotland,S08000031,Glasgow,2020,633120
20/04/2020,Scotland,S08000024,Edinburgh,1399,524930
20/04/2020,Wales,W11000029,Cardiff,1933,366903
20/04/2020,Wales,W11000031,Swansea,1293,246993
20/04/2020,England,E06000026,Plymouth,224,262100
20/04/2020,Wales,W11000028,Newport,1906,154676
20/04/2020,London,,London,22689,8961989
21/04/2020,England,E08000025,Birmingham,2431,1141816
21/04/2020,England,E06000023,Bristol,521,463377
21/04/2020,England,E08000026,Coventry,591,371521
21/04/2020,England,E08000035,Leeds,1106,793139
21/04/2020,England,E06000016,Leicester,550,354224
21/04/2020,England,E08000012,Liverpool,1254,498042
21/04/2020,England,E06000032,Luton,548,213052
21/04/2020,England,E08000003,Manchester,1017,552858
21/04/2020,England,E06000038,Reading,414,161780
21/04/2020,England,E08000019,Sheffield,1877,584853
21/04/2020,England,E06000033,Southend-on-Sea,274,183125
21/04/2020,Scotland,S08000031,Glasgow,2085,633120
21/04/2020,Scotland,S08000024,Edinburgh,1426,524930
21/04/2020,Wales,W11000029,Cardiff,1982,366903
21/04/2020,Wales,W11000031,Swansea,1337,246993
21/04/2020,England,E06000026,Plymouth,240,262100
21/04/2020,Wales,W11000028,Newport,1945,154676
21/04/2020,London,,London,23030,8961989
22/04/2020,England,E08000025,Birmingham,2480,1141816
22/04/2020,England,E06000023,Bristol,542,463377
22/04/2020,England,E08000026,Coventry,601,371521
22/04/2020,England,E08000035,Leeds,1155,793139
22/04/2020,England,E06000016,Leicester,571,354224
22/04/2020,England,E08000012,Liverpool,1275,498042
22/04/2020,England,E06000032,Luton,563,213052
22/04/2020,England,E08000003,Manchester,1041,552858
22/04/2020,England,E06000038,Reading,428,161780
22/04/2020,England,E08000019,Sheffield,1920,584853
22/04/2020,England,E06000033,Southend-on-Sea,279,183125
22/04/2020,Scotland,S08000031,Glasgow,2174,633120
22/04/2020,Scotland,S08000024,Edinburgh,1515,524930
22/04/2020,Wales,W11000029,Cardiff,2027,366903
22/04/2020,Wales,W11000031,Swansea,1381,246993
22/04/2020,England,E06000026,Plymouth,257,262100
22/04/2020,Wales,W11000028,Newport,1979,154676
22/04/2020,London,,London,23304,8961989
23/04/2020,England,E08000025,Birmingham,2528,1141816
23/04/2020,England,E06000023,Bristol,557,463377
23/04/2020,England,E08000026,Coventry,621,371521
23/04/2020,England,E08000035,Leeds,1201,793139
23/04/2020,England,E06000016,Leicester,587,354224
23/04/2020,England,E08000012,Liverpool,1296,498042
23/04/2020,England,E06000032,Luton,575,213052
23/04/2020,England,E08000003,Manchester,1062,552858
23/04/2020,England,E06000038,Reading,437,161780
23/04/2020,England,E08000019,Sheffield,1939,584853
23/04/2020,England,E06000033,Southend-on-Sea,283,183125
23/04/2020,Scotland,S08000031,Glasgow,2250,633120
23/04/2020,Scotland,S08000024,Edinburgh,1604,524930
23/04/2020,Wales,W11000029,Cardiff,2066,366903
23/04/2020,Wales,W11000031,Swansea,1425,246993
23/04/2020,England,E06000026,Plymouth,264,262100
23/04/2020,Wales,W11000028,Newport,2004,154676
23/04/2020,London,,London,23623,8961989
24/04/2020,England,E08000025,Birmingham,2568,1141816
24/04/2020,England,E06000023,Bristol,573,463377
24/04/2020,England,E08000026,Coventry,630,371521
24/04/2020,England,E08000035,Leeds,1270,793139
24/04/2020,England,E06000016,Leicester,603,354224
24/04/2020,England,E08000012,Liverpool,1324,498042
24/04/2020,England,E06000032,Luton,586,213052
24/04/2020,England,E08000003,Manchester,1091,552858
24/04/2020,England,E06000038,Reading,448,161780
24/04/2020,England,E08000019,Sheffield,1982,584853
24/04/2020,England,E06000033,Southend-on-Sea,287,183125
24/04/2020,Scotland,S08000031,Glasgow,2311,633120
24/04/2020,Scotland,S08000024,Edinburgh,1684,524930
24/04/2020,Wales,W11000029,Cardiff,2105,366903
24/04/2020,Wales,W11000031,Swansea,1472,246993
24/04/2020,England,E06000026,Plymouth,267,262100
24/04/2020,Wales,W11000028,Newport,2031,154676
24/04/2020,London,,London,23871,8961989
25/04/2020,England,E08000025,Birmingham,2605,1141816
25/04/2020,England,E06000023,Bristol,578,463377
25/04/2020,England,E08000026,Coventry,645,371521
25/04/2020,England,E08000035,Leeds,1295,793139
25/04/2020,England,E06000016,Leicester,616,354224
25/04/2020,England,E08000012,Liverpool,1347,498042
25/04/2020,England,E06000032,Luton,605,213052
25/04/2020,England,E08000003,Manchester,1105,552858
25/04/2020,England,E06000038,Reading,457,161780
25/04/2020,England,E08000019,Sheffield,2035,584853
25/04/2020,England,E06000033,Southend-on-Sea,291,183125
25/04/2020,Scotland,S08000031,Glasgow,2428,633120
25/04/2020,Scotland,S08000024,Edinburgh,1730,524930
25/04/2020,Wales,W11000029,Cardiff,2140,366903
25/04/2020,Wales,W11000031,Swansea,1494,246993
25/04/2020,England,E06000026,Plymouth,270,262100
25/04/2020,Wales,W11000028,Newport,2052,154676
25/04/2020,London,,London,24031,8961989
26/04/2020,England,E08000025,Birmingham,2636,1141816
26/04/2020,England,E06000023,Bristol,582,463377
26/04/2020,England,E08000026,Coventry,647,371521
26/04/2020,England,E08000035,Leeds,1316,793139
26/04/2020,England,E06000016,Leicester,617,354224
26/04/2020,England,E08000012,Liverpool,1361,498042
26/04/2020,England,E08000003,Manchester,1122,552858
26/04/2020,England,E06000038,Reading,460,161780
26/04/2020,England,E08000019,Sheffield,2073,584853
26/04/2020,England,E06000033,Southend-on-Sea,295,183125
26/04/2020,Scotland,S08000031,Glasgow,2479,633120
26/04/2020,Scotland,S08000024,Edinburgh,1785,524930
26/04/2020,Wales,W11000029,Cardiff,2161,366903
26/04/2020,Wales,W11000031,Swansea,1515,246993
26/04/2020,England,E06000026,Plymouth,273,262100
26/04/2020,Wales,W11000028,Newport,2065,154676
26/04/2020,London,,London,24122,8961989
27/04/2020,England,E08000025,Birmingham,2655,1141816
27/04/2020,England,E06000023,Bristol,592,463377
27/04/2020,England,E08000026,Coventry,651,371521
27/04/2020,England,E08000035,Leeds,1359,793139
27/04/2020,England,E06000016,Leicester,638,354224
27/04/2020,England,E08000012,Liverpool,1385,498042
27/04/2020,England,E06000032,Luton,624,213052
27/04/2020,England,E08000003,Manchester,1135,552858
27/04/2020,England,E06000038,Reading,473,161780
27/04/2020,England,E08000019,Sheffield,2121,584853
27/04/2020,England,E06000033,Southend-on-Sea,297,183125
27/04/2020,Scotland,S08000031,Glasgow,2531,633120
27/04/2020,Scotland,S08000024,Edinburgh,1804,524930
27/04/2020,Wales,W11000029,Cardiff,2184,366903
27/04/2020,Wales,W11000031,Swansea,1533,246993
27/04/2020,England,E06000026,Plymouth,276,262100
27/04/2020,Wales,W11000028,Newport,2085,154676
27/04/2020,London,,London,24311,8961989
28/04/2020,England,E08000025,Birmingham,2680,1141816
28/04/2020,England,E06000023,Bristol,604,463377
28/04/2020,England,E08000026,Coventry,655,371521
28/04/2020,England,E08000035,Leeds,1399,793139
28/04/2020,England,E06000016,Leicester,660,354224
28/04/2020,England,E08000012,Liverpool,1407,498042
28/04/2020,England,E06000032,Luton,626,213052
28/04/2020,England,E08000003,Manchester,1158,552858
28/04/2020,England,E06000038,Reading,486,161780
28/04/2020,England,E08000019,Sheffield,2144,584853
28/04/2020,England,E06000033,Southend-on-Sea,298,183125
28/04/2020,Scotland,S08000031,Glasgow,2604,633120
28/04/2020,Scotland,S08000024,Edinburgh,1832,524930
28/04/2020,Wales,W11000029,Cardiff,2213,366903
28/04/2020,Wales,W11000031,Swansea,1553,246993
28/04/2020,England,E06000026,Plymouth,285,262100
28/04/2020,Wales,W11000028,Newport,2105,154676
28/04/2020,London,,London,24491,8961989
29/04/2020,England,E08000025,Birmingham,2714,1141816
29/04/2020,England,E06000023,Bristol,612,463377
29/04/2020,England,E08000026,Coventry,666,371521
29/04/2020,England,E08000035,Leeds,1435,793139
29/04/2020,England,E06000016,Leicester,673,354224
29/04/2020,England,E08000012,Liverpool,1430,498042
29/04/2020,England,E06000032,Luton,627,213052
29/04/2020,England,E08000003,Manchester,1175,552858
29/04/2020,England,E06000038,Reading,499,161780
29/04/2020,England,E08000019,Sheffield,2183,584853
29/04/2020,England,E06000033,Southend-on-Sea,302,183125
29/04/2020,Scotland,S08000031,Glasgow,2672,633120
29/04/2020,Scotland,S08000024,Edinburgh,1907,524930
29/04/2020,Wales,W11000029,Cardiff,2232,366903
29/04/2020,Wales,W11000031,Swansea,1585,246993
29/04/2020,England,E06000026,Plymouth,289,262100
29/04/2020,Wales,W11000028,Newport,2122,154676
29/04/2020,London,,London,24742,8961989
30/04/2020,England,E08000025,Birmingham,2749,1141816
30/04/2020,England,E06000023,Bristol,618,463377
30/04/2020,England,E08000026,Coventry,672,371521
30/04/2020,England,E08000035,Leeds,1456,793139
30/04/2020,England,E06000016,Leicester,685,354224
30/04/2020,England,E08000012,Liverpool,1451,498042
30/04/2020,England,E08000003,Manchester,1192,552858
30/04/2020,England,E06000038,Reading,504,161780
30/04/2020,England,E08000019,Sheffield,2218,584853
30/04/2020,England,E06000033,Southend-on-Sea,307,183125
30/04/2020,Scotland,S08000031,Glasgow,2759,633120
30/04/2020,Scotland,S08000024,Edinburgh,1980,524930
30/04/2020,Wales,W11000029,Cardiff,2270,366903
30/04/2020,Wales,W11000031,Swansea,1609,246993
30/04/2020,England,E06000026,Plymouth,291,262100
30/04/2020,Wales,W11000028,Newport,2146,154676
30/04/2020,London,,London,24997,8961989
01/05/2020,England,E08000025,Birmingham,2770,1141816
01/05/2020,England,E06000023,Bristol,631,463377
01/05/2020,England,E08000026,Coventry,692,371521
01/05/2020,England,E08000035,Leeds,1486,793139
01/05/2020,England,E06000016,Leicester,691,354224
01/05/2020,England,E08000012,Liverpool,1469,498042
01/05/2020,England,E06000032,Luton,641,213052
01/05/2020,England,E08000003,Manchester,1208,552858
01/05/2020,England,E06000038,Reading,509,161780
01/05/2020,England,E08000019,Sheffield,2235,584853
01/05/2020,England,E06000033,Southend-on-Sea,312,183125
01/05/2020,Scotland,S08000031,Glasgow,2864,633120
01/05/2020,Scotland,S08000024,Edinburgh,2014,524930
01/05/2020,Wales,W11000029,Cardiff,2299,366903
01/05/2020,Wales,W11000031,Swansea,1629,246993
01/05/2020,England,E06000026,Plymouth,299,262100
01/05/2020,Wales,W11000028,Newport,2164,154676
01/05/2020,London,,London,25193,8961989
02/05/2020,England,E08000025,Birmingham,2784,1141816
02/05/2020,England,E06000023,Bristol,633,463377
02/05/2020,England,E08000026,Coventry,706,371521
02/05/2020,England,E08000035,Leeds,1511,793139
02/05/2020,England,E06000016,Leicester,694,354224
02/05/2020,England,E08000012,Liverpool,1479,498042
02/05/2020,England,E06000032,Luton,644,213052
02/05/2020,England,E08000003,Manchester,1222,552858
02/05/2020,England,E06000038,Reading,512,161780
02/05/2020,England,E08000019,Sheffield,2265,584853
02/05/2020,England,E06000033,Southend-on-Sea,319,183125
02/05/2020,Scotland,S08000031,Glasgow,2939,633120
02/05/2020,Scotland,S08000024,Edinburgh,2065,524930
02/05/2020,Wales,W11000029,Cardiff,2325,366903
02/05/2020,Wales,W11000031,Swansea,1639,246993
02/05/2020,England,E06000026,Plymouth,300,262100
02/05/2020,Wales,W11000028,Newport,2209,154676
02/05/2020,London,,London,25320,8961989
03/05/2020,England,E08000025,Birmingham,2802,1141816
03/05/2020,England,E06000023,Bristol,637,463377
03/05/2020,England,E08000026,Coventry,718,371521
03/05/2020,England,E08000035,Leeds,1521,793139
03/05/2020,England,E06000016,Leicester,699,354224
03/05/2020,England,E08000012,Liverpool,1488,498042
03/05/2020,England,E08000003,Manchester,1231,552858
03/05/2020,England,E06000038,Reading,520,161780
03/05/2020,England,E08000019,Sheffield,2294,584853
03/05/2020,England,E06000033,Southend-on-Sea,320,183125
03/05/2020,Northern Ireland,N09000003,Belfast,1173,340220
03/05/2020,Scotland,S08000031,Glasgow,2985,633120
03/05/2020,Scotland,S08000024,Edinburgh,2089,524930
03/05/2020,Wales,W11000029,Cardiff,2339,366903
03/05/2020,Wales,W11000031,Swansea,1646,246993
03/05/2020,England,E06000026,Plymouth,306,262100
03/05/2020,Wales,W11000028,Newport,2222,154676
03/05/2020,London,,London,25385,8961989
04/05/2020,England,E08000025,Birmingham,2822,1141816
04/05/2020,England,E06000023,Bristol,648,463377
04/05/2020,England,E08000026,Coventry,722,371521
04/05/2020,England,E08000035,Leeds,1541,793139
04/05/2020,England,E06000016,Leicester,719,354224
04/05/2020,England,E08000012,Liverpool,1498,498042
04/05/2020,England,E06000032,Luton,660,213052
04/05/2020,England,E08000003,Manchester,1247,552858
04/05/2020,England,E06000038,Reading,526,161780
04/05/2020,England,E08000019,Sheffield,2309,584853
04/05/2020,England,E06000033,Southend-on-Sea,332,183125
04/05/2020,Northern Ireland,N09000003,Belfast,1182,340220
04/05/2020,Scotland,S08000031,Glasgow,3029,633120
04/05/2020,Scotland,S08000024,Edinburgh,2113,524930
04/05/2020,Wales,W11000029,Cardiff,2350,366903
04/05/2020,Wales,W11000031,Swansea,1658,246993
04/05/2020,England,E06000026,Plymouth,308,262100
04/05/2020,Wales,W11000028,Newport,2233,154676
04/05/2020,London,,London,25535,8961989
05/05/2020,England,E08000025,Birmingham,2863,1141816
05/05/2020,England,E06000023,Bristol,654,463377
05/05/2020,England,E08000026,Coventry,736,371521
05/05/2020,England,E08000035,Leeds,1569,793139
05/05/2020,England,E06000016,Leicester,724,354224
05/05/2020,England,E08000012,Liverpool,1499,498042
05/05/2020,England,E06000032,Luton,664,213052
05/05/2020,England,E08000003,Manchester,1273,552858
05/05/2020,England,E06000038,Reading,530,161780
05/05/2020,England,E08000019,Sheffield,2330,584853
05/05/2020,England,E06000033,Southend-on-Sea,335,183125
05/05/2020,Northern Ireland,N09000003,Belfast,1190,340220
05/05/2020,Scotland,S08000031,Glasgow,3070,633120
05/05/2020,Scotland,S08000024,Edinburgh,2149,524930
05/05/2020,Wales,W11000029,Cardiff,2363,366903
05/05/2020,Wales,W11000031,Swansea,1670,246993
05/05/2020,England,E06000026,Plymouth,317,262100
05/05/2020,Wales,W11000028,Newport,2257,154676
05/05/2020,London,,London,25669,8961989
06/05/2020,England,E08000025,Birmingham,2886,1141816
06/05/2020,England,E06000023,Bristol,661,463377
06/05/2020,England,E08000026,Coventry,741,371521
06/05/2020,England,E08000035,Leeds,1592,793139
06/05/2020,England,E06000016,Leicester,741,354224
06/05/2020,England,E08000012,Liverpool,1502,498042
06/05/2020,England,E06000032,Luton,665,213052
06/05/2020,England,E08000003,Manchester,1297,552858
06/05/2020,England,E06000038,Reading,537,161780
06/05/2020,England,E08000019,Sheffield,2346,584853
06/05/2020,England,E06000033,Southend-on-Sea,337,183125
06/05/2020,Northern Ireland,N09000003,Belfast,1203,340220
06/05/2020,Scotland,S08000031,Glasgow,3203,633120
06/05/2020,Scotland,S08000024,Edinburgh,2200,524930
06/05/2020,Wales,W11000029,Cardiff,2377,366903
06/05/2020,Wales,W11000031,Swansea,1680,246993
06/05/2020,England,E06000026,Plymouth,328,262100
06/05/2020,Wales,W11000028,Newport,2285,154676
06/05/2020,London,,London,25812,8961989
07/05/2020,England,E08000025,Birmingham,2909,1141816
07/05/2020,England,E06000023,Bristol,665,463377
07/05/2020,England,E08000026,Coventry,746,371521
07/05/2020,England,E08000035,Leeds,1629,793139
07/05/2020,England,E06000016,Leicester,749,354224
07/05/2020,England,E08000012,Liverpool,1504,498042
07/05/2020,England,E06000032,Luton,666,213052
07/05/2020,England,E08000003,Manchester,1314,552858
07/05/2020,England,E06000038,Reading,539,161780
07/05/2020,England,E08000019,Sheffield,2359,584853
07/05/2020,England,E06000033,Southend-on-Sea,344,183125
07/05/2020,Northern Ireland,N09000003,Belfast,1217,340220
07/05/2020,Scotland,S08000031,Glasgow,3277,633120
07/05/2020,Scotland,S08000024,Edinburgh,2241,524930
07/05/2020,Wales,W11000029,Cardiff,2399,366903
07/05/2020,Wales,W11000031,Swansea,1691,246993
07/05/2020,England,E06000026,Plymouth,334,262100
07/05/2020,Wales,W11000028,Newport,2319,154676
07/05/2020,London,,London,25955,8961989
08/05/2020,England,E08000025,Birmingham,2937,1141816
08/05/2020,England,E06000023,Bristol,671,463377
08/05/2020,England,E08000026,Coventry,759,371521
08/05/2020,England,E08000035,Leeds,1642,793139
08/05/2020,England,E06000016,Leicester,755,354224
08/05/2020,England,E08000003,Manchester,1325,552858
08/05/2020,England,E06000038,Reading,541,161780
08/05/2020,England,E08000019,Sheffield,2384,584853
08/05/2020,England,E06000033,Southend-on-Sea,346,183125
08/05/2020,Northern Ireland,N09000003,Belfast,1224,340220
08/05/2020,Scotland,S08000031,Glasgow,3333,633120
08/05/2020,Scotland,S08000024,Edinburgh,2274,524930
08/05/2020,Wales,W11000029,Cardiff,2410,366903
08/05/2020,Wales,W11000031,Swansea,1702,246993
08/05/2020,Wales,W11000028,Newport,2330,154676
08/05/2020,London,,London,26049,8961989
09/05/2020,England,E08000025,Birmingham,2969,1141816
09/05/2020,England,E06000023,Bristol,672,463377
09/05/2020,England,E08000026,Coventry,763,371521
09/05/2020,England,E08000035,Leeds,1657,793139
09/05/2020,England,E06000016,Leicester,765,354224
09/05/2020,England,E08000012,Liverpool,1507,498042
09/05/2020,England,E06000032,Luton,667,213052
09/05/2020,England,E08000003,Manchester,1336,552858
09/05/2020,England,E06000038,Reading,543,161780
09/05/2020,England,E08000019,Sheffield,2406,584853
09/05/2020,England,E06000033,Southend-on-Sea,348,183125
09/05/2020,Northern Ireland,N09000003,Belfast,1237,340220
09/05/2020,Scotland,S08000031,Glasgow,3367,633120
09/05/2020,Scotland,S08000024,Edinburgh,2324,524930
09/05/2020,Wales,W11000029,Cardiff,2421,366903
09/05/2020,Wales,W11000031,Swansea,1714,246993
09/05/2020,Wales,W11000028,Newport,2340,154676
09/05/2020,London,,London,26109,8961989
10/05/2020,England,E08000025,Birmingham,2987,1141816
10/05/2020,England,E06000023,Bristol,673,463377
10/05/2020,England,E08000026,Coventry,768,371521
10/05/2020,England,E08000035,Leeds,1668,793139
10/05/2020,England,E06000016,Leicester,775,354224
10/05/2020,England,E08000012,Liverpool,1510,498042
10/05/2020,England,E08000003,Manchester,1351,552858
10/05/2020,England,E06000038,Reading,546,161780
10/05/2020,England,E08000019,Sheffield,2419,584853
10/05/2020,England,E06000033,Southend-on-Sea,349,183125
10/05/2020,Northern Ireland,N09000003,Belfast,1243,340220
10/05/2020,Scotland,S08000031,Glasgow,3449,633120
10/05/2020,Scotland,S08000024,Edinburgh,2359,524930
10/05/2020,Wales,W11000029,Cardiff,2435,366903
10/05/2020,Wales,W11000031,Swansea,1735,246993
10/05/2020,England,E06000026,Plymouth,337,262100
10/05/2020,Wales,W11000028,Newport,2345,154676
10/05/2020,London,,London,26145,8961989
11/05/2020,England,E08000025,Birmingham,3010,1141816
11/05/2020,England,E06000023,Bristol,681,463377
11/05/2020,England,E08000026,Coventry,769,371521
11/05/2020,England,E08000035,Leeds,1677,793139
11/05/2020,England,E06000016,Leicester,784,354224
11/05/2020,England,E08000012,Liverpool,1514,498042
11/05/2020,England,E08000003,Manchester,1367,552858
11/05/2020,England,E06000038,Reading,547,161780
11/05/2020,England,E08000019,Sheffield,2437,584853
11/05/2020,England,E06000033,Southend-on-Sea,351,183125
11/05/2020,Northern Ireland,N09000003,Belfast,1248,340220
11/05/2020,Scotland,S08000031,Glasgow,3479,633120
11/05/2020,Scotland,S08000024,Edinburgh,2380,524930
11/05/2020,Wales,W11000029,Cardiff,2452,366903
11/05/2020,Wales,W11000031,Swansea,1747,246993
11/05/2020,England,E06000026,Plymouth,339,262100
11/05/2020,Wales,W11000028,Newport,2355,154676
11/05/2020,London,,London,26213,8961989
12/05/2020,England,E08000025,Birmingham,3033,1141816
12/05/2020,England,E06000023,Bristol,682,463377
12/05/2020,England,E08000026,Coventry,775,371521
12/05/2020,England,E08000035,Leeds,1693,793139
12/05/2020,England,E06000016,Leicester,789,354224
12/05/2020,England,E08000012,Liverpool,1521,498042
12/05/2020,England,E06000032,Luton,669,213052
12/05/2020,England,E08000003,Manchester,1383,552858
12/05/2020,England,E06000038,Reading,551,161780
12/05/2020,England,E08000019,Sheffield,2447,584853
12/05/2020,England,E06000033,Southend-on-Sea,353,183125
12/05/2020,Northern Ireland,N09000003,Belfast,1252,340220
12/05/2020,Scotland,S08000031,Glasgow,3510,633120
12/05/2020,Scotland,S08000024,Edinburgh,2397,524930
12/05/2020,Wales,W11000029,Cardiff,2467,366903
12/05/2020,Wales,W11000031,Swansea,1753,246993
12/05/2020,England,E06000026,Plymouth,341,262100
12/05/2020,Wales,W11000028,Newport,2362,154676
12/05/2020,London,,London,26288,8961989
13/05/2020,England,E08000025,Birmingham,3054,1141816
13/05/2020,England,E08000026,Coventry,778,371521
13/05/2020,England,E08000035,Leeds,1710,793139
13/05/2020,England,E06000016,Leicester,796,354224
13/05/2020,England,E08000012,Liverpool,1531,498042
13/05/2020,England,E06000032,Luton,671,213052
13/05/2020,England,E08000003,Manchester,1399,552858
13/05/2020,England,E06000038,Reading,556,161780
13/05/2020,England,E08000019,Sheffield,2459,584853
13/05/2020,England,E06000033,Southend-on-Sea,355,183125
13/05/2020,Northern Ireland,N09000003,Belfast,1258,340220
13/05/2020,Scotland,S08000031,Glasgow,3579,633120
13/05/2020,Scotland,S08000024,Edinburgh,2428,524930
13/05/2020,Wales,W11000029,Cardiff,2479,366903
13/05/2020,Wales,W11000031,Swansea,1763,246993
13/05/2020,England,E06000026,Plymouth,342,262100
13/05/2020,Wales,W11000028,Newport,2376,154676
13/05/2020,London,,London,26373,8961989
14/05/2020,England,E08000025,Birmingham,3069,1141816
14/05/2020,England,E06000023,Bristol,687,463377
14/05/2020,England,E08000026,Coventry,780,371521
14/05/2020,England,E08000035,Leeds,1723,793139
14/05/2020,England,E06000016,Leicester,800,354224
14/05/2020,England,E08000012,Liverpool,1542,498042
14/05/2020,England,E06000032,Luton,672,213052
14/05/2020,England,E08000003,Manchester,1404,552858
14/05/2020,England,E06000038,Reading,561,161780
14/05/2020,England,E08000019,Sheffield,2472,584853
14/05/2020,England,E06000033,Southend-on-Sea,359,183125
14/05/2020,Northern Ireland,N09000003,Belfast,1264,340220
14/05/2020,Scotland,S08000031,Glasgow,3628,633120
14/05/2020,Scotland,S08000024,Edinburgh,2459,524930
14/05/2020,Wales,W11000029,Cardiff,2490,366903
14/05/2020,Wales,W11000031,Swansea,1769,246993
14/05/2020,England,E06000026,Plymouth,343,262100
14/05/2020,Wales,W11000028,Newport,2383,154676
14/05/2020,London,,London,26459,8961989
15/05/2020,England,E08000025,Birmingham,3086,1141816
15/05/2020,England,E08000026,Coventry,782,371521
15/05/2020,England,E08000035,Leeds,1735,793139
15/05/2020,England,E06000016,Leicester,814,354224
15/05/2020,England,E08000012,Liverpool,1554,498042
15/05/2020,England,E06000032,Luton,673,213052
15/05/2020,England,E08000003,Manchester,1416,552858
15/05/2020,England,E06000038,Reading,564,161780
15/05/2020,England,E08000019,Sheffield,2477,584853
15/05/2020,England,E06000033,Southend-on-Sea,362,183125
15/05/2020,Northern Ireland,N09000003,Belfast,1267,340220
15/05/2020,Scotland,S08000031,Glasgow,3663,633120
15/05/2020,Scotland,S08000024,Edinburgh,2497,524930
15/05/2020,Wales,W11000029,Cardiff,2510,366903
15/05/2020,Wales,W11000031,Swansea,1778,246993
15/05/2020,England,E06000026,Plymouth,345,262100
15/05/2020,Wales,W11000028,Newport,2395,154676
15/05/2020,London,,London,26519,8961989
16/05/2020,England,E08000025,Birmingham,3098,1141816
16/05/2020,England,E08000026,Coventry,783,371521
16/05/2020,England,E08000035,Leeds,1741,793139
16/05/2020,England,E06000016,Leicester,827,354224
16/05/2020,England,E08000012,Liverpool,1557,498042
16/05/2020,England,E06000032,Luton,677,213052
16/05/2020,England,E08000003,Manchester,1441,552858
16/05/2020,England,E06000038,Reading,566,161780
16/05/2020,England,E08000019,Sheffield,2489,584853
16/05/2020,Northern Ireland,N09000003,Belfast,1276,340220
16/05/2020,Scotland,S08000031,Glasgow,3707,633120
16/05/2020,Scotland,S08000024,Edinburgh,2539,524930
16/05/2020,Wales,W11000029,Cardiff,2524,366903
16/05/2020,Wales,W11000031,Swansea,1805,246993
16/05/2020,England,E06000026,Plymouth,346,262100
16/05/2020,Wales,W11000028,Newport,2409,154676
16/05/2020,London,,London,26542,8961989
17/05/2020,England,E08000025,Birmingham,3103,1141816
17/05/2020,England,E08000026,Coventry,784,371521
17/05/2020,England,E08000035,Leeds,1754,793139
17/05/2020,England,E06000016,Leicester,831,354224
17/05/2020,England,E08000012,Liverpool,1562,498042
17/05/2020,England,E06000032,Luton,686,213052
17/05/2020,England,E08000003,Manchester,1459,552858
17/05/2020,England,E06000038,Reading,567,161780
17/05/2020,England,E08000019,Sheffield,2493,584853
17/05/2020,England,E06000033,Southend-on-Sea,363,183125
17/05/2020,Northern Ireland,N09000003,Belfast,1276,340220
17/05/2020,Scotland,S08000031,Glasgow,3731,633120
17/05/2020,Scotland,S08000024,Edinburgh,2561,524930
17/05/2020,Wales,W11000029,Cardiff,2534,366903
17/05/2020,Wales,W11000031,Swansea,1810,246993
17/05/2020,England,E06000026,Plymouth,348,262100
17/05/2020,Wales,W11000028,Newport,2428,154676
17/05/2020,London,,London,26575,8961989
18/05/2020,England,E08000025,Birmingham,3116,1141816
18/05/2020,England,E06000023,Bristol,689,463377
18/05/2020,England,E08000026,Coventry,786,371521
18/05/2020,England,E08000035,Leeds,1758,793139
18/05/2020,England,E06000016,Leicester,836,354224
18/05/2020,England,E08000012,Liverpool,1567,498042
18/05/2020,England,E06000032,Luton,700,213052
18/05/2020,England,E08000003,Manchester,1477,552858
18/05/2020,England,E06000038,Reading,569,161780
18/05/2020,England,E08000019,Sheffield,2499,584853
18/05/2020,England,E06000033,Southend-on-Sea,369,183125
18/05/2020,Northern Ireland,N09000003,Belfast,1283,340220
18/05/2020,Scotland,S08000031,Glasgow,3742,633120
18/05/2020,Scotland,S08000024,Edinburgh,2568,524930
18/05/2020,Wales,W11000029,Cardiff,2548,366903
18/05/2020,Wales,W11000031,Swansea,1826,246993
18/05/2020,England,E06000026,Plymouth,351,262100
18/05/2020,Wales,W11000028,Newport,2457,154676
18/05/2020,London,,London,26629,8961989
19/05/2020,England,E08000025,Birmingham,3129,1141816
19/05/2020,England,E06000023,Bristol,690,463377
19/05/2020,England,E08000026,Coventry,792,371521
19/05/2020,England,E08000035,Leeds,1764,793139
19/05/2020,England,E06000016,Leicester,840,354224
19/05/2020,England,E08000012,Liverpool,1575,498042
19/05/2020,England,E06000032,Luton,717,213052
19/05/2020,England,E08000003,Manchester,1499,552858
19/05/2020,England,E06000038,Reading,574,161780
19/05/2020,England,E08000019,Sheffield,2507,584853
19/05/2020,Northern Ireland,N09000003,Belfast,1286,340220
19/05/2020,Scotland,S08000031,Glasgow,3759,633120
19/05/2020,Scotland,S08000024,Edinburgh,2575,524930
19/05/2020,Wales,W11000029,Cardiff,2573,366903
19/05/2020,Wales,W11000031,Swansea,1840,246993
19/05/2020,England,E06000026,Plymouth,353,262100
19/05/2020,Wales,W11000028,Newport,2473,154676
19/05/2020,London,,London,26677,8961989
20/05/2020,England,E08000025,Birmingham,3141,1141816
20/05/2020,England,E06000023,Bristol,693,463377
20/05/2020,England,E08000026,Coventry,794,371521
20/05/2020,England,E08000035,Leeds,1771,793139
20/05/2020,England,E06000016,Leicester,850,354224
20/05/2020,England,E08000012,Liverpool,1581,498042
20/05/2020,England,E06000032,Luton,724,213052
20/05/2020,England,E08000003,Manchester,1516,552858
20/05/2020,England,E06000038,Reading,576,161780
20/05/2020,England,E08000019,Sheffield,2514,584853
20/05/2020,England,E06000033,Southend-on-Sea,373,183125
20/05/2020,Northern Ireland,N09000003,Belfast,1290,340220
20/05/2020,Scotland,S08000031,Glasgow,3780,633120
20/05/2020,Scotland,S08000024,Edinburgh,2584,524930
20/05/2020,Wales,W11000029,Cardiff,2590,366903
20/05/2020,Wales,W11000031,Swansea,1841,246993
20/05/2020,England,E06000026,Plymouth,354,262100
20/05/2020,Wales,W11000028,Newport,2485,154676
20/05/2020,London,,London,26735,8961989
21/05/2020,England,E08000025,Birmingham,3148,1141816
21/05/2020,England,E08000026,Coventry,800,371521
21/05/2020,England,E08000035,Leeds,1795,793139
21/05/2020,England,E06000016,Leicester,856,354224
21/05/2020,England,E08000012,Liverpool,1588,498042
21/05/2020,England,E06000032,Luton,734,213052
21/05/2020,England,E08000003,Manchester,1523,552858
21/05/2020,England,E06000038,Reading,578,161780
21/05/2020,England,E08000019,Sheffield,2519,584853
21/05/2020,Northern Ireland,N09000003,Belfast,1294,340220
21/05/2020,Scotland,S08000031,Glasgow,3806,633120
21/05/2020,Scotland,S08000024,Edinburgh,2611,524930
21/05/2020,Wales,W11000029,Cardiff,2604,366903
21/05/2020,Wales,W11000031,Swansea,1844,246993
21/05/2020,Wales,W11000028,Newport,2495,154676
21/05/2020,London,,London,26784,8961989
22/05/2020,England,E08000025,Birmingham,3164,1141816
22/05/2020,England,E06000023,Bristol,694,463377
22/05/2020,England,E08000026,Coventry,803,371521
22/05/2020,England,E08000035,Leeds,1806,793139
22/05/2020,England,E06000016,Leicester,862,354224
22/05/2020,England,E08000012,Liverpool,1591,498042
22/05/2020,England,E06000032,Luton,740,213052
22/05/2020,England,E08000003,Manchester,1531,552858
22/05/2020,England,E06000038,Reading,580,161780
22/05/2020,England,E08000019,Sheffield,2522,584853
22/05/2020,England,E06000033,Southend-on-Sea,375,183125
22/05/2020,Northern Ireland,N09000003,Belfast,1299,340220
22/05/2020,Scotland,S08000031,Glasgow,3841,633120
22/05/2020,Scotland,S08000024,Edinburgh,2634,524930
22/05/2020,Wales,W11000029,Cardiff,2621,366903
22/05/2020,Wales,W11000031,Swansea,1847,246993
22/05/2020,England,E06000026,Plymouth,355,262100
22/05/2020,Wales,W11000028,Newport,2504,154676
22/05/2020,London,,London,26824,8961989
23/05/2020,England,E08000025,Birmingham,3174,1141816
23/05/2020,England,E06000023,Bristol,695,463377
23/05/2020,England,E08000026,Coventry,806,371521
23/05/2020,England,E08000035,Leeds,1810,793139
23/05/2020,England,E06000016,Leicester,867,354224
23/05/2020,England,E08000012,Liverpool,1594,498042
23/05/2020,England,E06000032,Luton,745,213052
23/05/2020,England,E08000003,Manchester,1536,552858
23/05/2020,England,E06000038,Reading,581,161780
23/05/2020,England,E08000019,Sheffield,2525,584853
23/05/2020,England,E06000033,Southend-on-Sea,376,183125
23/05/2020,Northern Ireland,N09000003,Belfast,1301,340220
23/05/2020,Scotland,S08000031,Glasgow,3865,633120
23/05/2020,Scotland,S08000024,Edinburgh,2649,524930
23/05/2020,Wales,W11000029,Cardiff,2643,366903
23/05/2020,Wales,W11000031,Swansea,1857,246993
23/05/2020,Wales,W11000028,Newport,2516,154676
23/05/2020,London,,London,26834,8961989
24/05/2020,England,E08000025,Birmingham,3187,1141816
24/05/2020,England,E06000023,Bristol,697,463377
24/05/2020,England,E08000035,Leeds,1814,793139
24/05/2020,England,E06000016,Leicester,869,354224
24/05/2020,England,E08000012,Liverpool,1604,498042
24/05/2020,England,E06000032,Luton,747,213052
24/05/2020,England,E08000003,Manchester,1543,552858
24/05/2020,England,E06000038,Reading,582,161780
24/05/2020,England,E08000019,Sheffield,2529,584853
24/05/2020,England,E06000033,Southend-on-Sea,378,183125
24/05/2020,Northern Ireland,N09000003,Belfast,1302,340220
24/05/2020,Scotland,S08000031,Glasgow,3876,633120
24/05/2020,Scotland,S08000024,Edinburgh,2665,524930
24/05/2020,Wales,W11000029,Cardiff,2656,366903
24/05/2020,Wales,W11000031,Swansea,1861,246993
24/05/2020,England,E06000026,Plymouth,356,262100
24/05/2020,Wales,W11000028,Newport,2520,154676
24/05/2020,London,,London,26852,8961989
25/05/2020,England,E08000025,Birmingham,3193,1141816
25/05/2020,England,E06000023,Bristol,699,463377
25/05/2020,England,E08000026,Coventry,807,371521
25/05/2020,England,E08000035,Leeds,1820,793139
25/05/2020,England,E06000016,Leicester,871,354224
25/05/2020,England,E08000012,Liverpool,1609,498042
25/05/2020,England,E06000032,Luton,751,213052
25/05/2020,England,E08000003,Manchester,1556,552858
25/05/2020,England,E06000038,Reading,584,161780
25/05/2020,England,E08000019,Sheffield,2531,584853
25/05/2020,England,E06000033,Southend-on-Sea,402,183125
25/05/2020,Northern Ireland,N09000003,Belfast,1308,340220
25/05/2020,Scotland,S08000031,Glasgow,3892,633120
25/05/2020,Scotland,S08000024,Edinburgh,2669,524930
25/05/2020,Wales,W11000029,Cardiff,2674,366903
25/05/2020,Wales,W11000031,Swansea,1864,246993
25/05/2020,England,E06000026,Plymouth,357,262100
25/05/2020,Wales,W11000028,Newport,2528,154676
25/05/2020,London,,London,26872,8961989
26/05/2020,England,E08000025,Birmingham,3205,1141816
26/05/2020,England,E06000023,Bristol,702,463377
26/05/2020,England,E08000035,Leeds,1822,793139
26/05/2020,England,E06000016,Leicester,878,354224
26/05/2020,England,E08000012,Liverpool,1614,498042
26/05/2020,England,E06000032,Luton,756,213052
26/05/2020,England,E08000003,Manchester,1567,552858
26/05/2020,England,E06000038,Reading,585,161780
26/05/2020,England,E08000019,Sheffield,2535,584853
26/05/2020,England,E06000033,Southend-on-Sea,403,183125
26/05/2020,Northern Ireland,N09000003,Belfast,1312,340220
26/05/2020,Scotland,S08000031,Glasgow,3898,633120
26/05/2020,Scotland,S08000024,Edinburgh,2675,524930
26/05/2020,Wales,W11000029,Cardiff,2683,366903
26/05/2020,Wales,W11000031,Swansea,1867,246993
26/05/2020,England,E06000026,Plymouth,358,262100
26/05/2020,Wales,W11000028,Newport,2532,154676
26/05/2020,London,,London,26900,8961989
27/05/2020,England,E08000025,Birmingham,3219,1141816
27/05/2020,England,E06000023,Bristol,703,463377
27/05/2020,England,E08000035,Leeds,1827,793139
27/05/2020,England,E06000016,Leicester,883,354224
27/05/2020,England,E08000012,Liverpool,1619,498042
27/05/2020,England,E08000003,Manchester,1569,552858
27/05/2020,England,E08000019,Sheffield,2539,584853
27/05/2020,England,E06000033,Southend-on-Sea,404,183125
27/05/2020,Northern Ireland,N09000003,Belfast,1313,340220
27/05/2020,Scotland,S08000031,Glasgow,3916,633120
27/05/2020,Scotland,S08000024,Edinburgh,2685,524930
27/05/2020,Wales,W11000029,Cardiff,2700,366903
27/05/2020,Wales,W11000031,Swansea,1867,246993
27/05/2020,Wales,W11000028,Newport,2542,154676
27/05/2020,London,,London,26933,8961989
28/05/2020,England,E08000025,Birmingham,3229,1141816
28/05/2020,England,E06000023,Bristol,704,463377
28/05/2020,England,E08000035,Leeds,1831,793139
28/05/2020,England,E06000016,Leicester,890,354224
28/05/2020,England,E08000012,Liverpool,1624,498042
28/05/2020,England,E08000003,Manchester,1577,552858
28/05/2020,England,E06000038,Reading,586,161780
28/05/2020,Northern Ireland,N09000003,Belfast,1311,340220
28/05/2020,Scotland,S08000031,Glasgow,3934,633120
28/05/2020,Scotland,S08000024,Edinburgh,2691,524930
28/05/2020,Wales,W11000029,Cardiff,2719,366903
28/05/2020,Wales,W11000031,Swansea,1867,246993
28/05/2020,Wales,W11000028,Newport,2548,154676
28/05/2020,London,,London,26959,8961989
29/05/2020,England,E08000025,Birmingham,3231,1141816
29/05/2020,England,E08000035,Leeds,1832,793139
29/05/2020,England,E06000016,Leicester,896,354224
29/05/2020,England,E08000012,Liverpool,1627,498042
29/05/2020,England,E08000003,Manchester,1578,552858
29/05/2020,England,E08000019,Sheffield,2540,584853
29/05/2020,Northern Ireland,N09000003,Belfast,1299,340220
29/05/2020,Scotland,S08000031,Glasgow,3939,633120
29/05/2020,Scotland,S08000024,Edinburgh,2698,524930
29/05/2020,Wales,W11000029,Cardiff,2719,366903
29/05/2020,Wales,W11000031,Swansea,1868,246993
29/05/2020,Wales,W11000028,Newport,2552,154676
29/05/2020,London,,London,26980,8961989
30/05/2020,England,E08000025,Birmingham,3231,1141816
30/05/2020,England,E06000023,Bristol,704,463377
30/05/2020,England,E08000026,Coventry,807,371521
30/05/2020,England,E08000035,Leeds,1832,793139
30/05/2020,England,E06000016,Leicester,896,354224
30/05/2020,England,E08000012,Liverpool,1627,498042
30/05/2020,England,E06000032,Luton,756,213052
30/05/2020,England,E08000003,Manchester,1578,552858
30/05/2020,England,E06000038,Reading,586,161780
30/05/2020,England,E08000019,Sheffield,2540,584853
30/05/2020,England,E06000033,Southend-on-Sea,404,183125
30/05/2020,Northern Ireland,N09000003,Belfast,1301,340220
30/05/2020,Scotland,S08000031,Glasgow,3943,633120
30/05/2020,Scotland,S08000024,Edinburgh,2706,524930
30/05/2020,Wales,W11000029,Cardiff,2719,366903
30/05/2020,Wales,W11000031,Swansea,1868,246993
30/05/2020,England,E06000026,Plymouth,358,262100
30/05/2020,Wales,W11000028,Newport,2552,154676
30/05/2020,London,,London,26989,8961989
31/05/2020,Northern Ireland,N09000003,Belfast,1303,340220
31/05/2020,Scotland,S08000031,Glasgow,3946,633120
31/05/2020,Scotland,S08000024,Edinburgh,2709,524930
31/05/2020,London,,London,26989,8961989
